{
  "project_info": {
    "project_number": "858294091716",
    "firebase_url": "https://tictactoe-online-game.firebaseio.com",
    "project_id": "tictactoe-online-game",
    "storage_bucket": "tictactoe-online-game.appspot.com"
  },
  "client": [
    {
      "client_info": {
        "mobilesdk_app_id": "1:858294091716:android:49d38deb28a095c4e9ae91",
        "android_client_info": {
          "package_name": "com.example.tictactoemultiplayeronlinegame"
        }
      },
      "oauth_client": [
        {
          "client_id": "858294091716-5v4n2jl2tc59frdo5k18f0irujk27v0i.apps.googleusercontent.com",
          "client_type": 1,
          "android_info": {
            "package_name": "com.example.tictactoemultiplayeronlinegame",
            "certificate_hash": "bd3b2e779a133f281303418221820c4612986cac"
          }
        },
        {
          "client_id": "858294091716-0co1ke671dik3f9a3hnc9hujgpf0sdld.apps.googleusercontent.com",
          "client_type": 3
        }
      ],
      "api_key": [
        {
          "current_key": "AIzaSyC1bmSAQpJaL65kI72gPQJ7uFTo_lDZiMM"
        }
      ],
      "services": {
        "appinvite_service": {
          "other_platform_oauth_client": [
            {
              "client_id": "858294091716-0co1ke671dik3f9a3hnc9hujgpf0sdld.apps.googleusercontent.com",
              "client_type": 3
            }
          ]
        }
      }
    }
  ],
  "configuration_version": "1"
}